turn_index,ts,tokens_input,tokens_total,kwh,co2_kg,water_l
1,1757819239,26,176,0.0088,0.00352,0.01584
2,1757819251,80,200,0.01,0.004,0.018
